{"cameraMode":{"drawMode":0,"name":"Shaded","section":"Shading Mode"},"sceneLighting":false,"audioPlay":false,"sceneViewState":{"m_AlwaysRefresh":false,"showFog":true,"showSkybox":false,"showFlares":true,"showImageEffects":true,"showParticleSystems":true,"showVisualEffectGraphs":true,"m_FxEnabled":true},"in2DMode":false,"pivot":{"x":-0.04090592637658119,"y":0.36430713534355166,"z":-0.5162283182144165},"rotation":{"x":0.001224834588356316,"y":-0.9973803162574768,"z":0.07074162364006043,"w":0.017060674726963044},"size":0.35149189829826357,"orthographic":false}