{"cameraMode":{"drawMode":0,"name":"Shaded","section":"Shading Mode"},"sceneLighting":false,"audioPlay":false,"sceneViewState":{"m_AlwaysRefresh":false,"showFog":true,"showSkybox":false,"showFlares":true,"showImageEffects":true,"showParticleSystems":true,"showVisualEffectGraphs":true,"m_FxEnabled":true},"in2DMode":false,"pivot":{"x":-0.266186386346817,"y":0.2437046468257904,"z":0.3519781231880188},"rotation":{"x":-0.06649190187454224,"y":-0.9260832071304321,"z":0.19448275864124299,"w":-0.3165741264820099},"size":0.33233481645584109,"orthographic":false}