{"cameraMode":{"drawMode":0,"name":"Shaded","section":"Shading Mode"},"sceneLighting":false,"audioPlay":false,"sceneViewState":{"m_AlwaysRefresh":false,"showFog":true,"showSkybox":false,"showFlares":true,"showImageEffects":true,"showParticleSystems":true,"showVisualEffectGraphs":true,"m_FxEnabled":true},"in2DMode":false,"pivot":{"x":0.33128851652145388,"y":0.3442269563674927,"z":-0.0803103819489479},"rotation":{"x":0.02728387713432312,"y":-0.9651215672492981,"z":0.1119733452796936,"w":0.23527194559574128},"size":0.33233481645584109,"orthographic":false}