{
    "offset_list":[
        {
            "facial":"facial_upper__unique_play_dumb__open", 
            "left_eye_offset_data":{
                "up":0.47588185739337324, 
                "down":0.0, 
                "left":0.0, 
                "right":0.4999999915898994
            }, 
            "right_eye_offset_data":{
                "up":0.5015852989903272, 
                "down":0.0, 
                "left":0.0, 
                "right":0.49999996940500213
            }
        }
    ]
}