{"cameraMode":{"drawMode":0,"name":"Shaded","section":"Shading Mode"},"sceneLighting":false,"audioPlay":false,"sceneViewState":{"m_AlwaysRefresh":false,"showFog":true,"showSkybox":false,"showFlares":true,"showImageEffects":true,"showParticleSystems":true,"showVisualEffectGraphs":true,"m_FxEnabled":true},"in2DMode":false,"pivot":{"x":0.30468565225601199,"y":0.41991516947746279,"z":-0.5651795268058777},"rotation":{"x":0.0014864010736346245,"y":-0.9978052377700806,"z":0.019754448905587198,"w":0.06536771357059479},"size":0.7382338047027588,"orthographic":false}