{"cameraMode":{"drawMode":0,"name":"Shaded","section":"Shading Mode"},"sceneLighting":false,"audioPlay":false,"sceneViewState":{"m_AlwaysRefresh":false,"showFog":false,"showSkybox":false,"showFlares":false,"showImageEffects":false,"showParticleSystems":false,"showVisualEffectGraphs":true,"m_FxEnabled":true},"in2DMode":false,"pivot":{"x":-0.0007930905558168888,"y":0.013101625256240368,"z":0.0003016701666638255},"rotation":{"x":0.06639743596315384,"y":-0.9189735054969788,"z":0.1760794073343277,"w":0.346541166305542},"size":0.004732744302600622,"orthographic":false}